{"cameraMode":{"drawMode":0,"name":"Shaded","section":"Shading Mode"},"sceneLighting":true,"audioPlay":false,"sceneViewState":{"showFog":true,"showMaterialUpdate":false,"showSkybox":true,"showFlares":true,"showImageEffects":true,"showParticleSystems":true},"in2DMode":false,"pivot":{"x":1.0190296173095704,"y":0.6383490562438965,"z":0.08743220567703247},"rotation":{"x":0.3322981595993042,"y":-0.07628249377012253,"z":0.026975117623806,"w":0.9396986961364746},"size":9.170418739318848,"orthographic":false}